{
    "encoding": "utf-8",
    "block_media": true,
    "url_selector": "a.product-card-photo__link",
    "name_selector": ".product-card-name__text",
    "search_method": "url",
    "unit_selector": ".product-card-photo__label, .product-unit-prices__item",
    "not_found_text": [
        "\u0442\u0430\u043a\u043e\u0433\u043e \u0443 \u043d\u0430\u0441 \u043d\u0435\u0442",
        "\u043d\u0438\u0447\u0435\u0433\u043e \u043d\u0435 \u043d\u0430\u0448\u043b\u043e\u0441\u044c",
        "\u043d\u0438\u0447\u0435\u0433\u043e \u043d\u0435 \u043d\u0430\u0439\u0434\u0435\u043d\u043e",
        "\u043f\u043e \u0432\u0430\u0448\u0435\u043c\u0443 \u0437\u0430\u043f\u0440\u043e\u0441\u0443 \u043d\u0438\u0447\u0435\u0433\u043e \u043d\u0435 \u043d\u0430\u0439\u0434\u0435\u043d\u043e",
        "\u043d\u0438\u0447\u0435\u0433\u043e \u043d\u0435 \u043d\u0430\u0439\u0434\u0435\u043d\u043e \u043f\u043e \u0437\u0430\u043f\u0440\u043e\u0441\u0443",
        "\u043f\u0440\u043e\u0441\u0442\u0438\u0442\u0435, \u043f\u043e \u0432\u0430\u0448\u0435\u043c\u0443 \u0437\u0430\u043f\u0440\u043e\u0441\u0443 \u0442\u043e\u0432\u0430\u0440\u043e\u0432 \u0441\u0435\u0439\u0447\u0430\u0441 \u043d\u0435\u0442",
        "\u043c\u044b \u043d\u0438\u0447\u0435\u0433\u043e \u043d\u0435 \u043d\u0430\u0448\u043b\u0438",
        "\u0442\u043e\u0432\u0430\u0440\u044b \u043f\u043e \u0437\u0430\u043f\u0440\u043e\u0441\u0443 \u043d\u0435 \u043d\u0430\u0439\u0434\u0435\u043d\u044b",
        "\u043d\u0435 \u043d\u0430\u0439\u0434\u0435\u043d\u044b",
        "\u043d\u0435 \u043d\u0430\u0439\u0434\u0435\u043d\u043e",
        "\u0441\u0435\u0439\u0447\u0430\u0441 \u043d\u0435\u0442",
        "\u043d\u0435 \u043d\u0430\u0448\u043b\u043e\u0441\u044c",
        "\u0443 \u043d\u0430\u0441 \u043d\u0435\u0442"
    ],
    "price_selector": ".product-unit-prices__actual-wrapper .product-price__sum-rubles",
    "quantity_selector": ".product-card-photo__label, .product-unit-prices__item",
    "search_url_pattern": "https://online.metro-cc.ru/search?q={query}",
    "require_availability": false,
    "result_item_selector": ".product-card",
    "availability_selector": ".button, .btn, [class*=\"add\"], [class*=\"cart\"]",
    "max_results_to_process": 10,
    "result_container_selector": "div[id=\"products-inner\"]",
    "availability_text_required": [
        "\u0412 \u043a\u043e\u0440\u0437\u0438\u043d\u0443"
    ]
}
