{
    "base_url": "https://samokat.ru",
    "block_media": true,
    "require_availability": true,
    "price_regex": "(\\d+(?:[\\s,\\.]\\d+)*)",
    "url_selector": "a[href*=\"/product/\"]",
    "wait_timeout": 3000,
    "navigation_wait_after": 2000,
    "name_selector": "[class*=\"ProductCard_name\"]",
    "search_method": "url",
    "unit_selector": "[class*=\"ProductCard_specification\"] span:first-of-type",
    "not_found_text": [
        "\u0442\u0430\u043a\u043e\u0433\u043e \u0443 \u043d\u0430\u0441 \u043d\u0435\u0442",
        "\u043d\u0438\u0447\u0435\u0433\u043e \u043d\u0435 \u043d\u0430\u0448\u043b\u043e\u0441\u044c",
        "\u043d\u0438\u0447\u0435\u0433\u043e \u043d\u0435 \u043d\u0430\u0439\u0434\u0435\u043d\u043e",
        "\u043f\u043e \u0432\u0430\u0448\u0435\u043c\u0443 \u0437\u0430\u043f\u0440\u043e\u0441\u0443 \u043d\u0438\u0447\u0435\u0433\u043e \u043d\u0435 \u043d\u0430\u0439\u0434\u0435\u043d\u043e",
        "\u043d\u0438\u0447\u0435\u0433\u043e \u043d\u0435 \u043d\u0430\u0439\u0434\u0435\u043d\u043e \u043f\u043e \u0437\u0430\u043f\u0440\u043e\u0441\u0443",
        "\u043f\u0440\u043e\u0441\u0442\u0438\u0442\u0435, \u043f\u043e \u0432\u0430\u0448\u0435\u043c\u0443 \u0437\u0430\u043f\u0440\u043e\u0441\u0443 \u0442\u043e\u0432\u0430\u0440\u043e\u0432 \u0441\u0435\u0439\u0447\u0430\u0441 \u043d\u0435\u0442",
        "\u043c\u044b \u043d\u0438\u0447\u0435\u0433\u043e \u043d\u0435 \u043d\u0430\u0448\u043b\u0438",
        "\u0442\u043e\u0432\u0430\u0440\u044b \u043f\u043e \u0437\u0430\u043f\u0440\u043e\u0441\u0443 \u043d\u0435 \u043d\u0430\u0439\u0434\u0435\u043d\u044b",
        "\u043d\u0435 \u043d\u0430\u0439\u0434\u0435\u043d\u044b",
        "\u043d\u0435 \u043d\u0430\u0439\u0434\u0435\u043d\u043e",
        "\u0441\u0435\u0439\u0447\u0430\u0441 \u043d\u0435\u0442",
        "\u043d\u0435 \u043d\u0430\u0448\u043b\u043e\u0441\u044c",
        "\u0443 \u043d\u0430\u0441 \u043d\u0435\u0442"
    ],
    "price_selector": "[class*='ProductCardActions_text'] > span > span:not([class*='oldPrice'])",
    "min_order_selector": "//span[contains(normalize-space(), '\u0417\u0430\u043a\u0430\u0437 \u043e\u0442')]",
    "search_url_pattern": "https://samokat.ru/search?value={query}",
    "max_results_to_check": 15,
    "result_item_selector": "a[href*=\"/product/\"]",
    "search_results_timeout": 5000,
    "result_container_selector": "div[class*='ProductsList'], div[class*='productsList'], .products-list, main"
}
