{
    "encoding": "utf-8",
    "block_media": false,
    "url_selector": "a[data-type='product-card-link']",
    "wait_timeout": 3000,
    "name_selector": "a[data-type='product-card-link'] [role='text']",
    "search_method": "url",
    "unit_selector": "h3 span:last-child",
    "not_found_text": [
        "\u0442\u0430\u043a\u043e\u0433\u043e \u0443 \u043d\u0430\u0441 \u043d\u0435\u0442",
        "\u043d\u0438\u0447\u0435\u0433\u043e \u043d\u0435 \u043d\u0430\u0448\u043b\u043e\u0441\u044c",
        "\u043d\u0438\u0447\u0435\u0433\u043e \u043d\u0435 \u043d\u0430\u0439\u0434\u0435\u043d\u043e",
        "\u043f\u043e \u0432\u0430\u0448\u0435\u043c\u0443 \u0437\u0430\u043f\u0440\u043e\u0441\u0443 \u043d\u0438\u0447\u0435\u0433\u043e \u043d\u0435 \u043d\u0430\u0439\u0434\u0435\u043d\u043e",
        "\u043d\u0438\u0447\u0435\u0433\u043e \u043d\u0435 \u043d\u0430\u0439\u0434\u0435\u043d\u043e \u043f\u043e \u0437\u0430\u043f\u0440\u043e\u0441\u0443",
        "\u043f\u0440\u043e\u0441\u0442\u0438\u0442\u0435, \u043f\u043e \u0432\u0430\u0448\u0435\u043c\u0443 \u0437\u0430\u043f\u0440\u043e\u0441\u0443 \u0442\u043e\u0432\u0430\u0440\u043e\u0432 \u0441\u0435\u0439\u0447\u0430\u0441 \u043d\u0435\u0442",
        "\u043c\u044b \u043d\u0438\u0447\u0435\u0433\u043e \u043d\u0435 \u043d\u0430\u0448\u043b\u0438",
        "\u0442\u043e\u0432\u0430\u0440\u044b \u043f\u043e \u0437\u0430\u043f\u0440\u043e\u0441\u0443 \u043d\u0435 \u043d\u0430\u0439\u0434\u0435\u043d\u044b",
        "\u043d\u0435 \u043d\u0430\u0439\u0434\u0435\u043d\u044b",
        "\u043d\u0435 \u043d\u0430\u0439\u0434\u0435\u043d\u043e",
        "\u0441\u0435\u0439\u0447\u0430\u0441 \u043d\u0435\u0442",
        "\u043d\u0435 \u043d\u0430\u0448\u043b\u043e\u0441\u044c",
        "\u0443 \u043d\u0430\u0441 \u043d\u0435\u0442"
    ],
    "price_selector": "span.b15aiivf[aria-hidden=\"true\"], span[aria-hidden=\"true\"]:first-child",
    "delivery_ranges": {
        "enabled": true,
        "banner": {
            "id": "accept_banner",
            "action": "click",
            "timeout": 2000,
            "optional": true,
            "selectors": [
                "//button[.//span[normalize-space(.)='\u0425\u043e\u0440\u043e\u0448\u043e']]",
                "//button[normalize-space(.)='\u0425\u043e\u0440\u043e\u0448\u043e']",
                "button:has(span:has-text('\u0425\u043e\u0440\u043e\u0448\u043e'))"
            ],
            "wait_after": 500,
            "description": "\u041f\u0440\u0438\u043d\u044f\u0442\u044c \u0431\u0430\u043d\u043d\u0435\u0440 \u0441\u043e\u0433\u043b\u0430\u0441\u0438\u044f (\u043d\u0435\u043e\u0431\u044f\u0437\u0430\u0442\u0435\u043b\u044c\u043d\u044b\u0439 \u0448\u0430\u0433)"
        },
        "trigger": {
            "action": "click",
            "selectors": [
                "button[type='button'] circle[r='9']",
                "//button[@type='button'][@aria-labelledby]"
            ],
            "wait_after": 500
        },
        "ordered_extraction": {
            "fee_selectors": [
                "//h3[contains(text(), '\u0423\u0441\u043b\u043e\u0432\u0438\u044f \u0434\u043e\u0441\u0442\u0430\u0432\u043a\u0438')]/following-sibling::div//ul/li[contains(., '\u20bd') and not(contains(., '\u0412\u0440\u0435\u043c\u044f \u0434\u043e\u0441\u0442\u0430\u0432\u043a\u0438'))][1]//span[1]",
                "//h3[contains(text(), '\u0423\u0441\u043b\u043e\u0432\u0438\u044f \u0434\u043e\u0441\u0442\u0430\u0432\u043a\u0438')]/following-sibling::div//ul/li[contains(., '\u20bd') and not(contains(., '\u0412\u0440\u0435\u043c\u044f \u0434\u043e\u0441\u0442\u0430\u0432\u043a\u0438'))][2]//span[1]",
                null
            ],
            "threshold_selectors": [
                "//h3[contains(text(), '\u0423\u0441\u043b\u043e\u0432\u0438\u044f \u0434\u043e\u0441\u0442\u0430\u0432\u043a\u0438')]/following-sibling::div//ul/li[contains(., '\u20bd') and not(contains(., '\u0412\u0440\u0435\u043c\u044f \u0434\u043e\u0441\u0442\u0430\u0432\u043a\u0438'))][1]//span[2]",
                "//h3[contains(text(), '\u0423\u0441\u043b\u043e\u0432\u0438\u044f \u0434\u043e\u0441\u0442\u0430\u0432\u043a\u0438')]/following-sibling::div//ul/li[contains(., '\u20bd') and not(contains(., '\u0412\u0440\u0435\u043c\u044f \u0434\u043e\u0441\u0442\u0430\u0432\u043a\u0438'))][2]//span[2]",
                "//h3[contains(text(), '\u0423\u0441\u043b\u043e\u0432\u0438\u044f \u0434\u043e\u0441\u0442\u0430\u0432\u043a\u0438')]/following-sibling::div//ul/li[contains(., '\u20bd') and not(contains(., '\u0412\u0440\u0435\u043c\u044f \u0434\u043e\u0441\u0442\u0430\u0432\u043a\u0438'))][3]//span[2]"
            ]
        }
    },
    "search_url_pattern": "{base_url}search?text={query}",
    "require_availability": false,
    "result_item_selector": "div[itemprop='offers'] > ul > li",
    "max_results_to_process": 20,
    "result_container_selector": "div[itemprop='offers'] > ul"
}
