{
    "search_url_pattern": "https://www.ozon.ru/category/supermarket-25000/?miniapp=supermarket&text={query}",
    "encoding": "utf-8",
    "block_media": true,
    "url_selector": "a[href*=\"/product/\"]",
    "name_selector": "[class='tsBody500Medium']",
    "search_method": "url",
    "unit_selector": "[class*='tsBodyM'] span:first-of-type",
    "url_attribute": "href",
    "not_found_text": [
        "\u0442\u0430\u043a\u043e\u0433\u043e \u0443 \u043d\u0430\u0441 \u043d\u0435\u0442",
        "\u043d\u0438\u0447\u0435\u0433\u043e \u043d\u0435 \u043d\u0430\u0448\u043b\u043e\u0441\u044c",
        "\u043d\u0438\u0447\u0435\u0433\u043e \u043d\u0435 \u043d\u0430\u0439\u0434\u0435\u043d\u043e",
        "\u043f\u043e \u0432\u0430\u0448\u0435\u043c\u0443 \u0437\u0430\u043f\u0440\u043e\u0441\u0443 \u043d\u0438\u0447\u0435\u0433\u043e \u043d\u0435 \u043d\u0430\u0439\u0434\u0435\u043d\u043e",
        "\u043d\u0438\u0447\u0435\u0433\u043e \u043d\u0435 \u043d\u0430\u0439\u0434\u0435\u043d\u043e \u043f\u043e \u0437\u0430\u043f\u0440\u043e\u0441\u0443",
        "\u043f\u0440\u043e\u0441\u0442\u0438\u0442\u0435, \u043f\u043e \u0432\u0430\u0448\u0435\u043c\u0443 \u0437\u0430\u043f\u0440\u043e\u0441\u0443 \u0442\u043e\u0432\u0430\u0440\u043e\u0432 \u0441\u0435\u0439\u0447\u0430\u0441 \u043d\u0435\u0442",
        "\u043c\u044b \u043d\u0438\u0447\u0435\u0433\u043e \u043d\u0435 \u043d\u0430\u0448\u043b\u0438",
        "\u0442\u043e\u0432\u0430\u0440\u044b \u043f\u043e \u0437\u0430\u043f\u0440\u043e\u0441\u0443 \u043d\u0435 \u043d\u0430\u0439\u0434\u0435\u043d\u044b",
        "\u043d\u0435 \u043d\u0430\u0439\u0434\u0435\u043d\u044b",
        "\u043d\u0435 \u043d\u0430\u0439\u0434\u0435\u043d\u043e",
        "\u0441\u0435\u0439\u0447\u0430\u0441 \u043d\u0435\u0442",
        "\u043d\u0435 \u043d\u0430\u0448\u043b\u043e\u0441\u044c",
        "\u0443 \u043d\u0430\u0441 \u043d\u0435\u0442"
    ],
    "price_selector": "[class*='tsHeadline500Medium']",
    "require_availability": false,
    "result_item_selector": "div[data-index]",
    "max_results_to_process": 25,
    "result_container_selector": "[data-widget='tileGridDesktop']",
    "availability_text_required": [
        "\u0417\u0430 \u0447\u0430\u0441",
        "\u0417\u0430 30 \u043c\u0438\u043d\u0443\u0442"
    ],
    "availability_text_selector": ".//button[contains(., \"\u0417\u0430 30 \u043c\u0438\u043d\u0443\u0442\") or contains(., \"\u0417\u0430 \u0447\u0430\u0441\")]",
    "delivery_cost_url": "https://www.ozon.ru/cart",
    "delivery_ranges": {
        "enabled": true,
        "trigger": {
            "action": "click",
            "selectors": [
                "//button[.//div[normalize-space(.)='\u0417\u0430 30 \u043c\u0438\u043d\u0443\u0442']]",
                "//button[.//div[normalize-space(.)='\u0417\u0430 \u0447\u0430\u0441']]"
            ],
            "wait_after": 1000
        },
        "navigate": {
            "action": "navigate",
            "url": "https://www.ozon.ru/cart",
            "wait_after": 1000
        },
        "min_order_amount_selector": "//span[contains(normalize-space(.), '\u0414\u043e\u0441\u0442\u0430\u0432\u043a\u0430 Ozon fresh \u0431\u044b\u0441\u0442\u0440\u043e')]"
    }
}
