{
    "encoding": "utf-8",
    "url_base": "https://vkusvill.ru",
    "block_media": true,
    "url_selector": ".ProductCard__link",
    "name_selector": ".ProductCard__link.js-product-detail-link",
    "search_method": "url",
    "unit_selector": ".ProductCard__weight",
    "url_attribute": "href",
    "image_selector": ".ProductCard img",
    "not_found_text": [
        "\u0442\u0430\u043a\u043e\u0433\u043e \u0443 \u043d\u0430\u0441 \u043d\u0435\u0442",
        "\u043d\u0438\u0447\u0435\u0433\u043e \u043d\u0435 \u043d\u0430\u0448\u043b\u043e\u0441\u044c",
        "\u043d\u0438\u0447\u0435\u0433\u043e \u043d\u0435 \u043d\u0430\u0439\u0434\u0435\u043d\u043e",
        "\u043f\u043e \u0432\u0430\u0448\u0435\u043c\u0443 \u0437\u0430\u043f\u0440\u043e\u0441\u0443 \u043d\u0438\u0447\u0435\u0433\u043e \u043d\u0435 \u043d\u0430\u0439\u0434\u0435\u043d\u043e",
        "\u043d\u0438\u0447\u0435\u0433\u043e \u043d\u0435 \u043d\u0430\u0439\u0434\u0435\u043d\u043e \u043f\u043e \u0437\u0430\u043f\u0440\u043e\u0441\u0443",
        "\u043f\u0440\u043e\u0441\u0442\u0438\u0442\u0435, \u043f\u043e \u0432\u0430\u0448\u0435\u043c\u0443 \u0437\u0430\u043f\u0440\u043e\u0441\u0443 \u0442\u043e\u0432\u0430\u0440\u043e\u0432 \u0441\u0435\u0439\u0447\u0430\u0441 \u043d\u0435\u0442",
        "\u043c\u044b \u043d\u0438\u0447\u0435\u0433\u043e \u043d\u0435 \u043d\u0430\u0448\u043b\u0438",
        "\u0442\u043e\u0432\u0430\u0440\u044b \u043f\u043e \u0437\u0430\u043f\u0440\u043e\u0441\u0443 \u043d\u0435 \u043d\u0430\u0439\u0434\u0435\u043d\u044b",
        "\u043d\u0435 \u043d\u0430\u0439\u0434\u0435\u043d\u044b",
        "\u043d\u0435 \u043d\u0430\u0439\u0434\u0435\u043d\u043e",
        "\u0441\u0435\u0439\u0447\u0430\u0441 \u043d\u0435\u0442",
        "\u043d\u0435 \u043d\u0430\u0448\u043b\u043e\u0441\u044c",
        "\u0443 \u043d\u0430\u0441 \u043d\u0435\u0442"
    ],
    "price_selector": "[class*='Price subtitle ']",
    "search_url_pattern": "{base_url}/search/?isComplete=0&type=products&q={query}",
    "require_availability": true,
    "result_item_selector": "[class*='ProductCard ']",
    "availability_selector": ".CartButton__textInner",
    "max_results_to_process": 24,
    "result_container_selector": "[class*='ProductCards__list']",
    "availability_text_required": [
        "\u0412 \u043a\u043e\u0440\u0437\u0438\u043d\u0443"
    ],
    "availability_text_selector": ".CartButton__textInner"
}
