{
    "search_url_pattern": "https://www.perekrestok.ru/cat/search?search={query}",
    "encoding": "utf-8",
    "block_media": true,
    "wait_timeout": 3000,
    "search_form": {
        "type_delay_ms": 0,
        "input_selectors": [
            "input[name='search']",
            "form[role='search'] input[type='search']",
            "form[role='search'] input[type='text']"
        ],
        "submit_selectors": [
            "form[role='search'] button[type='submit']",
            "button[aria-label*='\u041f\u043e\u0438\u0441\u043a']",
            "button[type='submit']"
        ]
    },
    "url_selector": "a.product-card__title-link[href]",
    "name_selector": ".product-card__title-link",
    "search_method": "url",
    "unit_selector": "a.product-card__title-link, //a[contains(@class,'product-card__title-link')]",
    "not_found_text": [
        "\u0442\u0430\u043a\u043e\u0433\u043e \u0443 \u043d\u0430\u0441 \u043d\u0435\u0442",
        "\u043d\u0438\u0447\u0435\u0433\u043e \u043d\u0435 \u043d\u0430\u0448\u043b\u043e\u0441\u044c",
        "\u043d\u0438\u0447\u0435\u0433\u043e \u043d\u0435 \u043d\u0430\u0439\u0434\u0435\u043d\u043e",
        "\u043f\u043e \u0432\u0430\u0448\u0435\u043c\u0443 \u0437\u0430\u043f\u0440\u043e\u0441\u0443 \u043d\u0438\u0447\u0435\u0433\u043e \u043d\u0435 \u043d\u0430\u0439\u0434\u0435\u043d\u043e",
        "\u043d\u0438\u0447\u0435\u0433\u043e \u043d\u0435 \u043d\u0430\u0439\u0434\u0435\u043d\u043e \u043f\u043e \u0437\u0430\u043f\u0440\u043e\u0441\u0443",
        "\u043f\u0440\u043e\u0441\u0442\u0438\u0442\u0435, \u043f\u043e \u0432\u0430\u0448\u0435\u043c\u0443 \u0437\u0430\u043f\u0440\u043e\u0441\u0443 \u0442\u043e\u0432\u0430\u0440\u043e\u0432 \u0441\u0435\u0439\u0447\u0430\u0441 \u043d\u0435\u0442",
        "\u043c\u044b \u043d\u0438\u0447\u0435\u0433\u043e \u043d\u0435 \u043d\u0430\u0448\u043b\u0438",
        "\u0442\u043e\u0432\u0430\u0440\u044b \u043f\u043e \u0437\u0430\u043f\u0440\u043e\u0441\u0443 \u043d\u0435 \u043d\u0430\u0439\u0434\u0435\u043d\u044b",
        "\u043d\u0435 \u043d\u0430\u0439\u0434\u0435\u043d\u044b",
        "\u043d\u0435 \u043d\u0430\u0439\u0434\u0435\u043d\u043e",
        "\u0441\u0435\u0439\u0447\u0430\u0441 \u043d\u0435\u0442",
        "\u043d\u0435 \u043d\u0430\u0448\u043b\u043e\u0441\u044c",
        "\u0443 \u043d\u0430\u0441 \u043d\u0435\u0442"
    ],
    "price_selector": "div.product-card__price .price-new, //div[contains(@class,'product-card__price')]//div[contains(@class,'price-new')]",
    "delivery_ranges": {
        "enabled": true,
        "trigger": {
            "action": "hover",
            "selectors": [
                "button[class*='delivery-button']",
                "//button[contains(@class,'delivery-button')]"
            ],
            "wait_after": 500
        },
        "ordered_extraction": {
            "fee_selectors": [
                "(//ul[contains(@class,'details-list')]//li)[1]/span[1]",
                "(//ul[contains(@class,'details-list')]//li)[2]/span[1]",
                "(//ul[contains(@class,'details-list')]//li)[3]/span[1]"
            ],
            "threshold_selectors": [
                "(//ul[contains(@class,'details-list')]//li)[1]/span[2]",
                "(//ul[contains(@class,'details-list')]//li)[2]/span[2]",
                "(//ul[contains(@class,'details-list')]//li)[3]/span[2]"
            ]
        }
    },
    "require_availability": false,
    "result_item_selector": "div[class*='product-list'] .product-card",
    "max_results_to_process": 20,
    "result_container_selector": "div[class*='product-list']:has(.product-card)",
    "delivery_unavailable_indicators": {
        "enabled": true,
        "selectors": [
            "div.delivery-content__title",
            "//div[contains(@class,'delivery-content__title')]"
        ],
        "text_patterns": [
            "\u0414\u043e\u0441\u0442\u0430\u0432\u043b\u044f\u0435\u043c \u0442\u043e\u043b\u044c\u043a\u043e \u043a\u043e \u0432\u0440\u0435\u043c\u0435\u043d\u0438"
        ]
    }
}
