{
    "encoding": "utf-8",
    "block_media": true,
    "url_selector": "a[href*=\"/goods/\"], a[href*=\"/product/\"], a[class*=\"title\"]",
    "name_selector": "[class*=\"mainInformation_title\"], [class*=\"title\"], [class*=\"name\"]",
    "search_method": "url",
    "unit_selector": "[class*=\"mainInformation_weight\"]",
    "not_found_text": [
        "\u0442\u0430\u043a\u043e\u0433\u043e \u0443 \u043d\u0430\u0441 \u043d\u0435\u0442",
        "\u043d\u0438\u0447\u0435\u0433\u043e \u043d\u0435 \u043d\u0430\u0448\u043b\u043e\u0441\u044c",
        "\u043d\u0438\u0447\u0435\u0433\u043e \u043d\u0435 \u043d\u0430\u0439\u0434\u0435\u043d\u043e",
        "\u043f\u043e \u0432\u0430\u0448\u0435\u043c\u0443 \u0437\u0430\u043f\u0440\u043e\u0441\u0443 \u043d\u0438\u0447\u0435\u0433\u043e \u043d\u0435 \u043d\u0430\u0439\u0434\u0435\u043d\u043e",
        "\u043d\u0438\u0447\u0435\u0433\u043e \u043d\u0435 \u043d\u0430\u0439\u0434\u0435\u043d\u043e \u043f\u043e \u0437\u0430\u043f\u0440\u043e\u0441\u0443",
        "\u043f\u0440\u043e\u0441\u0442\u0438\u0442\u0435, \u043f\u043e \u0432\u0430\u0448\u0435\u043c\u0443 \u0437\u0430\u043f\u0440\u043e\u0441\u0443 \u0442\u043e\u0432\u0430\u0440\u043e\u0432 \u0441\u0435\u0439\u0447\u0430\u0441 \u043d\u0435\u0442",
        "\u043c\u044b \u043d\u0438\u0447\u0435\u0433\u043e \u043d\u0435 \u043d\u0430\u0448\u043b\u0438",
        "\u0442\u043e\u0432\u0430\u0440\u044b \u043f\u043e \u0437\u0430\u043f\u0440\u043e\u0441\u0443 \u043d\u0435 \u043d\u0430\u0439\u0434\u0435\u043d\u044b",
        "\u043d\u0435 \u043d\u0430\u0439\u0434\u0435\u043d\u044b",
        "\u043d\u0435 \u043d\u0430\u0439\u0434\u0435\u043d\u043e",
        "\u0441\u0435\u0439\u0447\u0430\u0441 \u043d\u0435\u0442",
        "\u043d\u0435 \u043d\u0430\u0448\u043b\u043e\u0441\u044c",
        "\u0443 \u043d\u0430\u0441 \u043d\u0435\u0442"
    ],
    "price_selector": "[class*=\"priceContainer_discountContainer\"] [class*=\"priceContainer_price\"], [class*=\"priceContainer_totalContainer\"] [class*=\"priceContainer_price\"], [class*=\"priceContainer_price\"]",
    "delivery_ranges": {
        "enabled": true,
        "trigger": {
            "actions": [
                {
                    "url": "https://5ka.ru/search/?text=\u043c\u043e\u043b\u043e\u043a\u043e",
                    "action": "navigate",
                    "wait_after": 1000
                },
                {
                    "action": "wait_for",
                    "comment": "Wait for delivery address to load",
                    "timeout": 10000,
                    "selectors": [
                        "p[data-qa=\"delivery-panel-address\"]",
                        "//p[@data-qa=\"delivery-panel-address\"]"
                    ],
                    "wait_after": 500
                },
                {
                    "action": "wait_for",
                    "comment": "Wait for add to cart button",
                    "timeout": 5000,
                    "selectors": [
                        "div[class*=\"searchResult_products\"] button[data-qa=\"cart-button-add-button\"]",
                        "(//div[contains(@class,\"searchResult_products\")]//button[@data-qa=\"cart-button-add-button\"])[1]"
                    ],
                    "wait_after": 500
                },
                {
                    "action": "click",
                    "comment": "Add product to cart",
                    "selectors": [
                        "div[class*=\"searchResult_products\"] button[data-qa=\"cart-button-add-button\"]",
                        "(//div[contains(@class,\"searchResult_products\")]//button[@data-qa=\"cart-button-add-button\"])[1]"
                    ],
                    "wait_after": 2000
                },
                {
                    "action": "click",
                    "comment": "Open delivery modal",
                    "selectors": [
                        "div[data-qa=\"delivery-thresholds\"]",
                        "p.chakra-text:contains(\"\u0414\u043e\u0441\u0442\u0430\u0432\u043a\u0430\")",
                        "//p[contains(text(), \"\u0414\u043e\u0441\u0442\u0430\u0432\u043a\u0430\")]"
                    ],
                    "wait_after": 1000
                }
            ]
        },
        "ordered_extraction": {
            "fee_selectors": [
                "//div[@id=\"chakra-modal--body-chakra-modal\"]//p[normalize-space(.)=\"\u0421\u0442\u043e\u0438\u043c\u043e\u0441\u0442\u044c \u0434\u043e\u0441\u0442\u0430\u0432\u043a\u0438\"]/following-sibling::p[1]",
                "//div[@id=\"chakra-modal--body-chakra-modal\"]//p[normalize-space(.)=\"\u0421\u0442\u043e\u0438\u043c\u043e\u0441\u0442\u044c \u0434\u043e\u0441\u0442\u0430\u0432\u043a\u0438\"]/following-sibling::p[2]",
                "//div[@id=\"chakra-modal--body-chakra-modal\"]//p[normalize-space(.)=\"\u0421\u0442\u043e\u0438\u043c\u043e\u0441\u0442\u044c \u0434\u043e\u0441\u0442\u0430\u0432\u043a\u0438\"]/following-sibling::p[3]"
            ],
            "threshold_selectors": [
                "//div[@id=\"chakra-modal--body-chakra-modal\"]//p[normalize-space(.)=\"\u0421\u0443\u043c\u043c\u0430 \u0442\u043e\u0432\u0430\u0440\u043e\u0432\"]/following-sibling::p[contains(normalize-space(.), \"\u043e\u0442\")][1]",
                "//div[@id=\"chakra-modal--body-chakra-modal\"]//p[normalize-space(.)=\"\u0421\u0443\u043c\u043c\u0430 \u0442\u043e\u0432\u0430\u0440\u043e\u0432\"]/following-sibling::p[contains(normalize-space(.), \"\u043e\u0442\")][2]",
                "//div[@id=\"chakra-modal--body-chakra-modal\"]//p[normalize-space(.)=\"\u0421\u0443\u043c\u043c\u0430 \u0442\u043e\u0432\u0430\u0440\u043e\u0432\"]/following-sibling::p[contains(normalize-space(.), \"\u043e\u0442\")][3]"
            ]
        },
        "min_order_amount_selector": "//div[@id=\"chakra-modal--body-chakra-modal\"]//p[contains(normalize-space(.), \"\u041c\u0438\u043d\u0438\u043c\u0430\u043b\u044c\u043d\u044b\u0439 \u0437\u0430\u043a\u0430\u0437\")]"
    },
    "delivery_cost_url": "https://5ka.ru/search/?text=\u043c\u043e\u043b\u043e\u043a\u043e",
    "search_url_pattern": "https://5ka.ru/search/?text={query}",
    "require_availability": false,
    "result_item_selector": "[class*=\"searchResult_products\"] > div[class*=\"css-\"]",
    "max_results_to_process": 20,
    "result_container_selector": "[class*=\"searchResult_products\"]"
}
